secucode,is_risky,company_type,split
601818.SH,0,正面(无问询且无严重风险),Train
000016.SZ,1,负面(有问询),Train
920225.BJ,0,正面(无问询且无严重风险),Train
301571.SZ,0,正面(无问询且无严重风险),Train
600674.SH,1,负面(有问询),Train
002245.SZ,1,负面(有问询),Train
002197.SZ,1,负面(有问询),Train
002535.SZ,1,负面(有问询),Train
920834.BJ,0,正面(无问询且无严重风险),Train
002260.SZ,1,负面(有问询),Train
000507.SZ,0,正面(无问询且无严重风险),Train
001332.SZ,1,负面(有问询),Train
688287.SH,1,负面(有问询),Train
688084.SH,0,正面(无问询且无严重风险),Train
002614.SZ,1,负面(有问询),Train
000468.SZ,1,负面(有问询),Train
920857.BJ,0,正面(无问询且无严重风险),Train
301362.SZ,0,正面(无问询且无严重风险),Train
920454.BJ,0,正面(无问询且无严重风险),Train
000662.SZ,1,负面(有问询),Train
603051.SH,1,负面(有问询),Train
920802.BJ,0,正面(无问询且无严重风险),Train
601168.SH,1,负面(有问询),Train
301575.SZ,0,正面(无问询且无严重风险),Train
301630.SZ,0,正面(无问询且无严重风险),Train
000509.SZ,1,负面(有问询),Train
600221.SH,1,负面(有问询),Train
002561.SZ,1,负面(有问询),Train
600816.SH,1,负面(有问询),Train
301327.SZ,0,正面(无问询且无严重风险),Train
600482.SH,1,负面(有问询),Train
873806.BJ,0,正面(无问询且无严重风险),Train
600855.SH,1,负面(有问询),Train
600290.SH,1,负面(有问询),Train
600105.SH,1,负面(有问询),Train
000529.SZ,1,负面(有问询),Train
300532.SZ,0,正面(无问询且无严重风险),Train
600491.SH,1,负面(有问询),Train
002275.SZ,1,负面(有问询),Train
600359.SH,1,负面(有问询),Train
600900.SH,1,负面(有问询),Train
600026.SH,1,负面(有问询),Train
920807.BJ,0,正面(无问询且无严重风险),Train
002229.SZ,1,负面(有问询),Train
001267.SZ,1,负面(有问询),Train
603699.SH,1,负面(有问询),Train
000670.SZ,1,负面(有问询),Train
920504.BJ,0,正面(无问询且无严重风险),Train
003028.SZ,1,负面(有问询),Train
600671.SH,1,负面(有问询),Train
000615.SZ,1,负面(有问询),Train
920879.BJ,0,正面(无问询且无严重风险),Train
600187.SH,1,负面(有问询),Train
002325.SZ,1,负面(有问询),Train
688289.SH,1,负面(有问询),Train
200488.SZ,0,正面(无问询且无严重风险),Train
603778.SH,1,负面(有问询),Train
603377.SH,1,负面(有问询),Train
000633.SZ,1,负面(有问询),Train
002128.SZ,1,负面(有问询),Train
002085.SZ,1,负面(有问询),Train
000597.SZ,1,负面(有问询),Train
600365.SH,1,负面(有问询),Train
003039.SZ,1,负面(有问询),Train
002492.SZ,1,负面(有问询),Train
000540.SZ,1,负面(有问询),Train
301051.SZ,0,正面(无问询且无严重风险),Train
688153.SH,0,正面(无问询且无严重风险),Train
002326.SZ,1,负面(有问询),Train
000661.SZ,1,负面(有问询),Train
301566.SZ,0,正面(无问询且无严重风险),Train
600654.SH,1,负面(有问询),Train
837403.BJ,1,负面(有问询),Train
002494.SZ,1,负面(有问询),Train
688175.SH,0,正面(无问询且无严重风险),Train
002263.SZ,1,负面(有问询),Train
920627.BJ,0,正面(无问询且无严重风险),Train
000620.SZ,1,负面(有问询),Train
605169.SH,1,负面(有问询),Train
600213.SH,1,负面(有问询),Train
000848.SZ,1,负面(有问询),Train
300861.SZ,0,正面(无问询且无严重风险),Train
002533.SZ,1,负面(有问询),Train
000545.SZ,1,负面(有问询),Train
301535.SZ,0,正面(无问询且无严重风险),Train
000606.SZ,1,负面(有问询),Train
002379.SZ,1,负面(有问询),Train
002433.SZ,1,负面(有问询),Train
920693.BJ,0,正面(无问询且无严重风险),Train
600738.SH,1,负面(有问询),Train
920871.BJ,0,正面(无问询且无严重风险),Train
603880.SH,1,负面(有问询),Train
600182.SH,1,负面(有问询),Train
002785.SZ,1,负面(有问询),Train
000544.SZ,1,负面(有问询),Train
002483.SZ,1,负面(有问询),Train
839725.BJ,1,负面(有问询),Train
000965.SZ,1,负面(有问询),Train
601015.SH,1,负面(有问询),Train
600310.SH,1,负面(有问询),Train
920950.BJ,0,正面(无问询且无严重风险),Train
688600.SH,1,负面(有问询),Train
300797.SZ,0,正面(无问询且无严重风险),Train
600545.SH,1,负面(有问询),Train
002589.SZ,1,负面(有问询),Train
002466.SZ,1,负面(有问询),Train
603175.SH,0,正面(无问询且无严重风险),Train
920694.BJ,0,正面(无问询且无严重风险),Train
002828.SZ,1,负面(有问询),Train
002426.SZ,1,负面(有问询),Train
600603.SH,1,负面(有问询),Train
002596.SZ,1,负面(有问询),Train
000972.SZ,1,负面(有问询),Train
002817.SZ,1,负面(有问询),Train
920007.BJ,0,正面(无问询且无严重风险),Train
603153.SH,1,负面(有问询),Train
920405.BJ,0,正面(无问询且无严重风险),Train
920167.BJ,0,正面(无问询且无严重风险),Train
600275.SH,1,负面(有问询),Train
000709.SZ,1,负面(有问询),Train
600701.SH,1,负面(有问询),Train
002141.SZ,1,负面(有问询),Train
002324.SZ,1,负面(有问询),Train
835670.BJ,1,负面(有问询),Train
002347.SZ,1,负面(有问询),Train
600777.SH,1,负面(有问询),Train
603608.SH,1,负面(有问询),Train
301376.SZ,0,正面(无问询且无严重风险),Train
002690.SZ,1,负面(有问询),Train
920837.BJ,0,正面(无问询且无严重风险),Train
688193.SH,0,正面(无问询且无严重风险),Train
600845.SH,1,负面(有问询),Train
600891.SH,1,负面(有问询),Train
000803.SZ,1,负面(有问询),Train
600393.SH,1,负面(有问询),Train
002574.SZ,1,负面(有问询),Train
688728.SH,0,正面(无问询且无严重风险),Train
600012.SH,1,负面(有问询),Train
000931.SZ,1,负面(有问询),Train
603488.SH,1,负面(有问询),Train
831445.BJ,1,负面(有问询),Train
000012.SZ,1,负面(有问询),Train
002196.SZ,1,负面(有问询),Train
001979.SZ,1,负面(有问询),Train
000816.SZ,1,负面(有问询),Train
688759.SH,0,正面(无问询且无严重风险),Train
002755.SZ,1,负面(有问询),Train
000959.SZ,1,负面(有问询),Train
000032.SZ,1,负面(有问询),Train
601216.SH,1,负面(有问询),Train
600141.SH,1,负面(有问询),Train
688698.SH,1,负面(有问询),Train
600338.SH,1,负面(有问询),Train
002714.SZ,1,负面(有问询),Train
688228.SH,1,负面(有问询),Train
000572.SZ,1,负面(有问询),Train
600340.SH,1,负面(有问询),Train
603508.SH,1,负面(有问询),Train
600594.SH,1,负面(有问询),Train
600151.SH,1,负面(有问询),Train
002094.SZ,1,负面(有问询),Train
603058.SH,1,负面(有问询),Train
000710.SZ,1,负面(有问询),Train
000652.SZ,1,负面(有问询),Train
002244.SZ,1,负面(有问询),Train
002668.SZ,1,负面(有问询),Train
002469.SZ,1,负面(有问询),Train
603278.SH,1,负面(有问询),Train
002661.SZ,1,负面(有问询),Train
688506.SH,1,负面(有问询),Train
603391.SH,0,正面(无问询且无严重风险),Train
301303.SZ,0,正面(无问询且无严重风险),Train
000990.SZ,1,负面(有问询),Train
000004.SZ,1,负面(有问询),Train
601633.SH,1,负面(有问询),Train
002783.SZ,1,负面(有问询),Train
301631.SZ,0,正面(无问询且无严重风险),Train
603661.SH,1,负面(有问询),Train
603703.SH,1,负面(有问询),Train
603567.SH,1,负面(有问询),Train
002740.SZ,1,负面(有问询),Train
600175.SH,1,负面(有问询),Train
300717.SZ,0,正面(无问询且无严重风险),Train
601218.SH,1,负面(有问询),Train
002711.SZ,1,负面(有问询),Train
920592.BJ,0,正面(无问询且无严重风险),Train
002712.SZ,1,负面(有问询),Train
002793.SZ,1,负面(有问询),Train
600751.SH,1,负面(有问询),Train
001223.SZ,1,负面(有问询),Train
000488.SZ,1,负面(有问询),Train
600153.SH,1,负面(有问询),Train
002733.SZ,1,负面(有问询),Train
002333.SZ,1,负面(有问询),Train
002023.SZ,1,负面(有问询),Train
688033.SH,1,负面(有问询),Train
603303.SH,1,负面(有问询),Train
002995.SZ,1,负面(有问询),Train
603261.SH,1,负面(有问询),Train
600077.SH,1,负面(有问询),Train
688512.SH,0,正面(无问询且无严重风险),Train
000616.SZ,1,负面(有问询),Train
000957.SZ,1,负面(有问询),Train
002627.SZ,1,负面(有问询),Train
600507.SH,1,负面(有问询),Train
600774.SH,1,负面(有问询),Train
002363.SZ,1,负面(有问询),Train
002752.SZ,1,负面(有问询),Train
600811.SH,1,负面(有问询),Train
600734.SH,1,负面(有问询),Train
002097.SZ,1,负面(有问询),Train
002451.SZ,1,负面(有问询),Train
002644.SZ,1,负面(有问询),Train
002821.SZ,1,负面(有问询),Train
600664.SH,1,负面(有问询),Train
002184.SZ,1,负面(有问询),Train
831305.BJ,1,负面(有问询),Train
301105.SZ,0,正面(无问询且无严重风险),Train
603399.SH,1,负面(有问询),Train
832471.BJ,1,负面(有问询),Train
000571.SZ,1,负面(有问询),Train
002392.SZ,1,负面(有问询),Train
000996.SZ,1,负面(有问询),Train
603356.SH,1,负面(有问询),Train
002890.SZ,1,负面(有问询),Train
603559.SH,1,负面(有问询),Train
002170.SZ,1,负面(有问询),Train
002967.SZ,1,负面(有问询),Train
000691.SZ,1,负面(有问询),Train
600889.SH,1,负面(有问询),Train
836892.BJ,1,负面(有问询),Train
000718.SZ,1,负面(有问询),Train
300194.SZ,0,正面(无问询且无严重风险),Train
600555.SH,1,负面(有问询),Train
600138.SH,0,正面(无问询且无严重风险),Train
002858.SZ,1,负面(有问询),Train
002124.SZ,1,负面(有问询),Train
601619.SH,1,负面(有问询),Train
002552.SZ,1,负面(有问询),Train
920026.BJ,0,正面(无问询且无严重风险),Train
300531.SZ,0,正面(无问询且无严重风险),Train
002952.SZ,1,负面(有问询),Train
920476.BJ,0,正面(无问询且无严重风险),Train
601033.SH,0,正面(无问询且无严重风险),Train
603406.SH,0,正面(无问询且无严重风险),Train
600817.SH,1,负面(有问询),Train
600755.SH,1,负面(有问询),Train
002341.SZ,1,负面(有问询),Train
000078.SZ,1,负面(有问询),Train
920100.BJ,0,正面(无问询且无严重风险),Train
002823.SZ,1,负面(有问询),Train
837092.BJ,1,负面(有问询),Train
000503.SZ,1,负面(有问询),Train
002560.SZ,1,负面(有问询),Train
002979.SZ,1,负面(有问询),Train
002389.SZ,1,负面(有问询),Train
920720.BJ,0,正面(无问询且无严重风险),Train
002686.SZ,1,负面(有问询),Train
003037.SZ,1,负面(有问询),Train
688272.SH,1,负面(有问询),Train
002060.SZ,1,负面(有问询),Train
600615.SH,1,负面(有问询),Train
688662.SH,1,负面(有问询),Train
002955.SZ,0,正面(无问询且无严重风险),Train
002172.SZ,1,负面(有问询),Train
603909.SH,1,负面(有问询),Train
603790.SH,1,负面(有问询),Train
000835.SZ,1,负面(有问询),Train
002059.SZ,1,负面(有问询),Train
002138.SZ,1,负面(有问询),Train
002207.SZ,1,负面(有问询),Train
688202.SH,1,负面(有问询),Train
001388.SZ,0,正面(无问询且无严重风险),Train
688636.SH,1,负面(有问询),Train
000498.SZ,1,负面(有问询),Train
601515.SH,1,负面(有问询),Train
688726.SH,0,正面(无问询且无严重风险),Train
301557.SZ,0,正面(无问询且无严重风险),Train
002509.SZ,1,负面(有问询),Train
920039.BJ,0,正面(无问询且无严重风险),Train
688295.SH,0,正面(无问询且无严重风险),Train
920957.BJ,0,正面(无问询且无严重风险),Train
600485.SH,1,负面(有问询),Train
000759.SZ,1,负面(有问询),Train
002021.SZ,1,负面(有问询),Train
200012.SZ,0,正面(无问询且无严重风险),Train
603110.SH,1,负面(有问询),Train
688223.SH,1,负面(有问询),Train
688755.SH,0,正面(无问询且无严重风险),Train
300232.SZ,0,正面(无问询且无严重风险),Train
000903.SZ,1,负面(有问询),Train
000760.SZ,1,负面(有问询),Train
688669.SH,1,负面(有问询),Train
603272.SH,1,负面(有问询),Train
002504.SZ,1,负面(有问询),Train
600293.SH,1,负面(有问询),Train
605389.SH,1,负面(有问询),Train
600388.SH,1,负面(有问询),Train
002866.SZ,1,负面(有问询),Train
002298.SZ,1,负面(有问询),Train
002801.SZ,1,负面(有问询),Train
301102.SZ,0,正面(无问询且无严重风险),Train
920575.BJ,0,正面(无问询且无严重风险),Train
603352.SH,0,正面(无问询且无严重风险),Train
002480.SZ,1,负面(有问询),Train
002683.SZ,1,负面(有问询),Train
002700.SZ,1,负面(有问询),Train
002763.SZ,1,负面(有问询),Train
600223.SH,1,负面(有问询),Train
688200.SH,0,正面(无问询且无严重风险),Train
002369.SZ,1,负面(有问询),Train
002663.SZ,1,负面(有问询),Train
301618.SZ,0,正面(无问询且无严重风险),Train
832317.BJ,0,正面(无问询且无严重风险),Train
603779.SH,1,负面(有问询),Train
600322.SH,1,负面(有问询),Train
301121.SZ,0,正面(无问询且无严重风险),Train
600766.SH,1,负面(有问询),Train
600136.SH,1,负面(有问询),Train
000890.SZ,1,负面(有问询),Train
002852.SZ,1,负面(有问询),Train
000656.SZ,1,负面(有问询),Train
000961.SZ,1,负面(有问询),Train
301227.SZ,0,正面(无问询且无严重风险),Train
002539.SZ,1,负面(有问询),Train
000983.SZ,1,负面(有问询),Train
600896.SH,1,负面(有问询),Train
688610.SH,0,正面(无问询且无严重风险),Train
002045.SZ,1,负面(有问询),Train
603680.SH,1,负面(有问询),Train
688531.SH,0,正面(无问询且无严重风险),Train
002936.SZ,0,正面(无问询且无严重风险),Train
688426.SH,0,正面(无问询且无严重风险),Train
002200.SZ,1,负面(有问询),Train
688708.SH,0,正面(无问询且无严重风险),Train
301591.SZ,0,正面(无问询且无严重风险),Train
600152.SH,1,负面(有问询),Train
688096.SH,1,负面(有问询),Train
600843.SH,1,负面(有问询),Train
002186.SZ,1,负面(有问询),Train
002075.SZ,1,负面(有问询),Train
600975.SH,1,负面(有问询),Train
000757.SZ,1,负面(有问询),Train
002578.SZ,1,负面(有问询),Train
002688.SZ,1,负面(有问询),Train
002040.SZ,1,负面(有问询),Train
603335.SH,1,负面(有问询),Train
601777.SH,1,负面(有问询),Train
601212.SH,1,负面(有问询),Train
000976.SZ,1,负面(有问询),Train
002273.SZ,1,负面(有问询),Train
601558.SH,1,负面(有问询),Train
002872.SZ,1,负面(有问询),Train
002639.SZ,1,负面(有问询),Train
603718.SH,1,负面(有问询),Train
600466.SH,1,负面(有问询),Train
600289.SH,1,负面(有问询),Train
600321.SH,1,负面(有问询),Train
002630.SZ,1,负面(有问询),Train
600248.SH,1,负面(有问询),Train
002772.SZ,1,负面(有问询),Train
603843.SH,1,负面(有问询),Train
600865.SH,1,负面(有问询),Train
601077.SH,0,正面(无问询且无严重风险),Train
600520.SH,1,负面(有问询),Train
301177.SZ,0,正面(无问询且无严重风险),Train
002272.SZ,1,负面(有问询),Train
600185.SH,1,负面(有问询),Train
300319.SZ,0,正面(无问询且无严重风险),Train
000692.SZ,1,负面(有问询),Train
688750.SH,0,正面(无问询且无严重风险),Train
920770.BJ,0,正面(无问询且无严重风险),Train
688722.SH,0,正面(无问询且无严重风险),Train
603933.SH,1,负面(有问询),Train
002122.SZ,1,负面(有问询),Train
600328.SH,1,负面(有问询),Train
002173.SZ,1,负面(有问询),Train
600562.SH,0,正面(无问询且无严重风险),Train
600117.SH,1,负面(有问询),Train
002563.SZ,1,负面(有问询),Train
600516.SH,1,负面(有问询),Train
600246.SH,1,负面(有问询),Train
000839.SZ,1,负面(有问询),Train
002102.SZ,1,负面(有问询),Train
002346.SZ,1,负面(有问询),Train
920101.BJ,0,正面(无问询且无严重风险),Train
920087.BJ,0,正面(无问询且无严重风险),Train
600653.SH,1,负面(有问询),Train
300298.SZ,0,正面(无问询且无严重风险),Train
600360.SH,1,负面(有问询),Train
600561.SH,1,负面(有问询),Train
600687.SH,1,负面(有问询),Train
000869.SZ,0,正面(无问询且无严重风险),Train
603520.SH,1,负面(有问询),Train
002810.SZ,1,负面(有问询),Train
002198.SZ,1,负面(有问询),Train
600662.SH,1,负面(有问询),Train
002216.SZ,1,负面(有问询),Train
600058.SH,1,负面(有问询),Train
002001.SZ,0,正面(无问询且无严重风险),Train
000430.SZ,1,负面(有问询),Train
600537.SH,1,负面(有问询),Train
002812.SZ,1,负面(有问询),Train
603657.SH,1,负面(有问询),Train
601225.SH,0,正面(无问询且无严重风险),Train
301305.SZ,0,正面(无问询且无严重风险),Train
920098.BJ,0,正面(无问询且无严重风险),Train
002356.SZ,1,负面(有问询),Train
000851.SZ,1,负面(有问询),Train
920185.BJ,0,正面(无问询且无严重风险),Train
002107.SZ,1,负面(有问询),Train
920077.BJ,0,正面(无问询且无严重风险),Train
603388.SH,1,负面(有问询),Train
600589.SH,1,负面(有问询),Train
002621.SZ,1,负面(有问询),Train
600610.SH,1,负面(有问询),Train
002482.SZ,1,负面(有问询),Train
603209.SH,1,负面(有问询),Train
688208.SH,1,负面(有问询),Train
000411.SZ,1,负面(有问询),Train
920122.BJ,0,正面(无问询且无严重风险),Train
601318.SH,0,正面(无问询且无严重风险),Train
600169.SH,1,负面(有问询),Train
002799.SZ,1,负面(有问询),Train
002910.SZ,1,负面(有问询),Train
600165.SH,1,负面(有问询),Train
002174.SZ,1,负面(有问询),Train
601799.SH,0,正面(无问询且无严重风险),Train
600739.SH,1,负面(有问询),Train
002503.SZ,1,负面(有问询),Train
600965.SH,1,负面(有问询),Train
600297.SH,1,负面(有问询),Train
688058.SH,1,负面(有问询),Train
000736.SZ,1,负面(有问询),Train
600535.SH,1,负面(有问询),Train
000707.SZ,1,负面(有问询),Train
600433.SH,1,负面(有问询),Train
002219.SZ,1,负面(有问询),Train
600885.SH,0,正面(无问询且无严重风险),Train
002378.SZ,1,负面(有问询),Train
603315.SH,1,负面(有问询),Train
000685.SZ,1,负面(有问询),Train
002252.SZ,1,负面(有问询),Train
002917.SZ,1,负面(有问询),Train
002803.SZ,1,负面(有问询),Train
603222.SH,1,负面(有问询),Train
600503.SH,1,负面(有问询),Train
002082.SZ,1,负面(有问询),Train
920792.BJ,0,正面(无问询且无严重风险),Train
601028.SH,1,负面(有问询),Train
603595.SH,1,负面(有问询),Train
002361.SZ,1,负面(有问询),Train
002776.SZ,1,负面(有问询),Train
002951.SZ,1,负面(有问询),Train
002327.SZ,1,负面(有问询),Train
688588.SH,1,负面(有问询),Train
002553.SZ,1,负面(有问询),Train
002572.SZ,1,负面(有问询),Train
920414.BJ,0,正面(无问询且无严重风险),Train
000659.SZ,1,负面(有问询),Train
002157.SZ,1,负面(有问询),Train
002789.SZ,1,负面(有问询),Train
600624.SH,1,负面(有问询),Train
600127.SH,1,负面(有问询),Train
838030.BJ,1,负面(有问询),Train
600460.SH,1,负面(有问询),Train
002447.SZ,1,负面(有问询),Train
603991.SH,1,负面(有问询),Train
000850.SZ,1,负面(有问询),Train
600370.SH,1,负面(有问询),Train
301090.SZ,0,正面(无问询且无严重风险),Train
000408.SZ,1,负面(有问询),Train
688350.SH,1,负面(有问询),Train
002431.SZ,1,负面(有问询),Train
002495.SZ,1,负面(有问询),Train
600027.SH,1,负面(有问询),Train
002575.SZ,1,负面(有问询),Train
920022.BJ,0,正面(无问询且无严重风险),Train
002446.SZ,1,负面(有问询),Train
600540.SH,1,负面(有问询),Train
601717.SH,1,负面(有问询),Train
000611.SZ,1,负面(有问询),Train
603317.SH,0,正面(无问询且无严重风险),Train
600732.SH,1,负面(有问询),Train
601608.SH,1,负面(有问询),Train
002438.SZ,1,负面(有问询),Train
002592.SZ,1,负面(有问询),Train
000812.SZ,1,负面(有问询),Train
002682.SZ,1,负面(有问询),Train
600568.SH,1,负面(有问询),Train
000031.SZ,1,负面(有问询),Train
870656.BJ,0,正面(无问询且无严重风险),Train
001208.SZ,1,负面(有问询),Train
002510.SZ,1,负面(有问询),Train
002151.SZ,1,负面(有问询),Train
002584.SZ,1,负面(有问询),Train
002213.SZ,1,负面(有问询),Train
600980.SH,1,负面(有问询),Train
002390.SZ,1,负面(有问询),Train
002071.SZ,1,负面(有问询),Train
603887.SH,1,负面(有问询),Train
601880.SH,1,负面(有问询),Train
603348.SH,1,负面(有问询),Train
920017.BJ,0,正面(无问询且无严重风险),Train
688297.SH,1,负面(有问询),Train
000007.SZ,1,负面(有问询),Train
600601.SH,1,负面(有问询),Train
920580.BJ,0,正面(无问询且无严重风险),Train
002105.SZ,1,负面(有问询),Train
000011.SZ,1,负面(有问询),Train
301291.SZ,0,正面(无问询且无严重风险),Train
688819.SH,0,正面(无问询且无严重风险),Train
301019.SZ,0,正面(无问询且无严重风险),Train
600173.SH,1,负面(有问询),Train
002499.SZ,1,负面(有问询),Train
000858.SZ,1,负面(有问询),Train
002681.SZ,1,负面(有问询),Train
920541.BJ,0,正面(无问询且无严重风险),Train
000524.SZ,1,负面(有问询),Train
002240.SZ,1,负面(有问询),Train
873152.BJ,1,负面(有问询),Train
000525.SZ,1,负面(有问询),Train
000966.SZ,1,负面(有问询),Train
002619.SZ,1,负面(有问询),Train
000881.SZ,1,负面(有问询),Train
688265.SH,1,负面(有问询),Train
831856.BJ,1,负面(有问询),Train
300979.SZ,0,正面(无问询且无严重风险),Train
600968.SH,0,正面(无问询且无严重风险),Train
002501.SZ,1,负面(有问询),Train
301290.SZ,0,正面(无问询且无严重风险),Train
603630.SH,1,负面(有问询),Train
002652.SZ,1,负面(有问询),Train
300677.SZ,0,正面(无问询且无严重风险),Train
600572.SH,0,正面(无问询且无严重风险),Train
000422.SZ,1,负面(有问询),Train
300430.SZ,0,正面(无问询且无严重风险),Train
872895.BJ,1,负面(有问询),Train
603819.SH,1,负面(有问询),Train
002280.SZ,1,负面(有问询),Train
002268.SZ,1,负面(有问询),Train
688069.SH,0,正面(无问询且无严重风险),Train
603789.SH,1,负面(有问询),Train
601860.SH,0,正面(无问询且无严重风险),Train
002046.SZ,1,负面(有问询),Train
832419.BJ,0,正面(无问询且无严重风险),Train
000403.SZ,1,负面(有问询),Train
920082.BJ,0,正面(无问询且无严重风险),Train
002340.SZ,1,负面(有问询),Train
603558.SH,1,负面(有问询),Train
002259.SZ,1,负面(有问询),Train
002473.SZ,1,负面(有问询),Train
605008.SH,1,负面(有问询),Train
834770.BJ,1,负面(有问询),Train
002164.SZ,1,负面(有问询),Train
002086.SZ,1,负面(有问询),Train
002144.SZ,1,负面(有问询),Train
603990.SH,1,负面(有问询),Train
000716.SZ,1,负面(有问询),Train
600859.SH,1,负面(有问询),Train
001288.SZ,1,负面(有问询),Train
000978.SZ,1,负面(有问询),Train
833230.BJ,1,负面(有问询),Train
600884.SH,1,负面(有问询),Train
603016.SH,1,负面(有问询),Train
920132.BJ,0,正面(无问询且无严重风险),Train
688189.SH,1,负面(有问询),Train
600351.SH,1,负面(有问询),Train
001226.SZ,1,负面(有问询),Train
688765.SH,0,正面(无问询且无严重风险),Train
688575.SH,1,负面(有问询),Train
603168.SH,1,负面(有问询),Train
301107.SZ,0,正面(无问询且无严重风险),Train
839680.BJ,1,负面(有问询),Train
920706.BJ,0,正面(无问询且无严重风险),Train
000712.SZ,1,负面(有问询),Train
000576.SZ,1,负面(有问询),Train
603007.SH,1,负面(有问询),Train
000541.SZ,1,负面(有问询),Train
688013.SH,0,正面(无问询且无严重风险),Train
000558.SZ,1,负面(有问询),Train
600133.SH,1,负面(有问询),Train
600995.SH,1,负面(有问询),Train
000420.SZ,1,负面(有问询),Train
688543.SH,0,正面(无问询且无严重风险),Train
603002.SH,1,负面(有问询),Train
003031.SZ,1,负面(有问询),Train
600179.SH,1,负面(有问询),Train
920344.BJ,0,正面(无问询且无严重风险),Train
002722.SZ,1,负面(有问询),Train
001317.SZ,1,负面(有问询),Train
000301.SZ,1,负面(有问询),Train
000564.SZ,1,负面(有问询),Train
000637.SZ,1,负面(有问询),Train
600565.SH,1,负面(有问询),Train
200058.SZ,0,正面(无问询且无严重风险),Train
688162.SH,0,正面(无问询且无严重风险),Train
002990.SZ,1,负面(有问询),Train
603619.SH,1,负面(有问询),Train
000838.SZ,1,负面(有问询),Train
002047.SZ,1,负面(有问询),Train
002108.SZ,1,负面(有问询),Train
688783.SH,0,正面(无问询且无严重风险),Train
301608.SZ,0,正面(无问询且无严重风险),Train
600579.SH,1,负面(有问询),Train
002685.SZ,1,负面(有问询),Train
603815.SH,1,负面(有问询),Train
600345.SH,1,负面(有问询),Train
600500.SH,1,负面(有问询),Train
000150.SZ,1,负面(有问询),Train
000755.SZ,1,负面(有问询),Train
002671.SZ,1,负面(有问询),Train
688500.SH,1,负面(有问询),Train
600072.SH,1,负面(有问询),Train
002766.SZ,1,负面(有问询),Train
000971.SZ,1,负面(有问询),Train
833266.BJ,1,负面(有问询),Train
301282.SZ,0,正面(无问询且无严重风险),Train
000025.SZ,1,负面(有问询),Train
600796.SH,1,负面(有问询),Train
002962.SZ,1,负面(有问询),Train
002626.SZ,1,负面(有问询),Train
002210.SZ,1,负面(有问询),Train
000906.SZ,1,负面(有问询),Train
600186.SH,1,负面(有问询),Train
920496.BJ,0,正面(无问询且无严重风险),Train
002388.SZ,1,负面(有问询),Train
002629.SZ,1,负面(有问询),Train
920030.BJ,0,正面(无问询且无严重风险),Train
688665.SH,0,正面(无问询且无严重风险),Train
002868.SZ,1,负面(有问询),Train
600193.SH,1,负面(有问询),Train
603006.SH,1,负面(有问询),Train
603613.SH,1,负面(有问询),Train
002534.SZ,1,负面(有问询),Train
000584.SZ,1,负面(有问询),Train
000156.SZ,1,负面(有问询),Train
002079.SZ,1,负面(有问询),Train
920735.BJ,0,正面(无问询且无严重风险),Train
002530.SZ,1,负面(有问询),Train
002506.SZ,1,负面(有问询),Train
002114.SZ,1,负面(有问询),Train
600301.SH,1,负面(有问询),Train
000666.SZ,1,负面(有问询),Train
920469.BJ,0,正面(无问询且无严重风险),Train
000828.SZ,1,负面(有问询),Train
002177.SZ,1,负面(有问询),Train
000788.SZ,1,负面(有问询),Train
831370.BJ,1,负面(有问询),Train
603003.SH,1,负面(有问询),Train
600518.SH,1,负面(有问询),Train
000780.SZ,1,负面(有问询),Train
600575.SH,1,负面(有问询),Train
603398.SH,1,负面(有问询),Train
002418.SZ,1,负面(有问询),Train
871753.BJ,1,负面(有问询),Train
000953.SZ,1,负面(有问询),Train
000530.SZ,1,负面(有问询),Train
920198.BJ,0,正面(无问询且无严重风险),Train
002638.SZ,1,负面(有问询),Train
603906.SH,1,负面(有问询),Train
831010.BJ,1,负面(有问询),Train
002188.SZ,1,负面(有问询),Train
002875.SZ,1,负面(有问询),Train
002650.SZ,1,负面(有问询),Train
002092.SZ,1,负面(有问询),Train
920001.BJ,0,正面(无问询且无严重风险),Train
002221.SZ,1,负面(有问询),Train
600408.SH,1,负面(有问询),Train
000518.SZ,1,负面(有问询),Train
002190.SZ,1,负面(有问询),Train
002306.SZ,1,负面(有问询),Train
002305.SZ,1,负面(有问询),Train
000752.SZ,1,负面(有问询),Train
301601.SZ,0,正面(无问询且无严重风险),Train
002358.SZ,1,负面(有问询),Train
600371.SH,1,负面(有问询),Train
600220.SH,1,负面(有问询),Train
920190.BJ,0,正面(无问询且无严重风险),Train
603477.SH,1,负面(有问询),Train
002425.SZ,1,负面(有问询),Train
301033.SZ,0,正面(无问询且无严重风险),Train
600052.SH,1,负面(有问询),Train
002909.SZ,1,负面(有问询),Train
002336.SZ,1,负面(有问询),Train
002312.SZ,1,负面(有问询),Train
000802.SZ,1,负面(有问询),Train
603725.SH,1,负面(有问询),Train
002739.SZ,1,负面(有问询),Train
920781.BJ,0,正面(无问询且无严重风险),Train
688432.SH,0,正面(无问询且无严重风险),Train
002098.SZ,1,负面(有问询),Train
601568.SH,0,正面(无问询且无严重风险),Train
002270.SZ,1,负面(有问询),Train
002460.SZ,1,负面(有问询),Train
601658.SH,0,正面(无问询且无严重风险),Train
603040.SH,0,正面(无问询且无严重风险),Train
000727.SZ,1,负面(有问询),Train
920839.BJ,0,正面(无问询且无严重风险),Train
301006.SZ,0,正面(无问询且无严重风险),Train
600178.SH,1,负面(有问询),Train
000630.SZ,1,负面(有问询),Train
002486.SZ,1,负面(有问询),Train
002893.SZ,1,负面(有问询),Train
600961.SH,1,负面(有问询),Train
002813.SZ,1,负面(有问询),Train
688231.SH,0,正面(无问询且无严重风险),Train
688005.SH,1,负面(有问询),Train
000639.SZ,1,负面(有问询),Train
688036.SH,0,正面(无问询且无严重风险),Train
002738.SZ,1,负面(有问询),Train
002261.SZ,1,负面(有问询),Train
600692.SH,1,负面(有问询),Train
002370.SZ,1,负面(有问询),Train
600857.SH,1,负面(有问询),Train
002562.SZ,1,负面(有问询),Train
000056.SZ,1,负面(有问询),Train
605151.SH,1,负面(有问询),Train
002649.SZ,1,负面(有问询),Train
600381.SH,1,负面(有问询),Train
002689.SZ,1,负面(有问询),Train
600145.SH,1,负面(有问询),Train
688617.SH,1,负面(有问询),Train
002323.SZ,1,负面(有问询),Train
600770.SH,1,负面(有问询),Train
002929.SZ,1,负面(有问询),Train
600576.SH,1,负面(有问询),Train
688010.SH,1,负面(有问询),Train
002087.SZ,1,负面(有问询),Train
601008.SH,1,负面(有问询),Train
000793.SZ,1,负面(有问询),Train
600939.SH,1,负面(有问询),Train
600063.SH,1,负面(有问询),Train
002436.SZ,1,负面(有问询),Train
002344.SZ,1,负面(有问询),Train
600973.SH,1,负面(有问询),Train
430300.BJ,1,负面(有问询),Train
002411.SZ,1,负面(有问询),Train
000060.SZ,1,负面(有问询),Train
002286.SZ,1,负面(有问询),Train
603557.SH,1,负面(有问询),Train
600759.SH,1,负面(有问询),Train
603507.SH,1,负面(有问询),Train
002453.SZ,1,负面(有问询),Train
002450.SZ,1,负面(有问询),Train
002702.SZ,1,负面(有问询),Train
601068.SH,1,负面(有问询),Train
603879.SH,1,负面(有问询),Train
601865.SH,1,负面(有问询),Train
000786.SZ,1,负面(有问询),Train
002537.SZ,1,负面(有问询),Train
002838.SZ,1,负面(有问询),Train
002599.SZ,1,负面(有问询),Train
002542.SZ,1,负面(有问询),Train
002020.SZ,1,负面(有问询),Train
000771.SZ,1,负面(有问询),Train
002008.SZ,1,负面(有问询),Train
002262.SZ,0,正面(无问询且无严重风险),Train
600824.SH,1,负面(有问询),Train
603069.SH,1,负面(有问询),Train
000598.SZ,0,正面(无问询且无严重风险),Train
601666.SH,1,负面(有问询),Train
600861.SH,1,负面(有问询),Train
002903.SZ,1,负面(有问询),Train
834415.BJ,1,负面(有问询),Train
002072.SZ,1,负面(有问询),Train
002434.SZ,1,负面(有问询),Train
003005.SZ,1,负面(有问询),Train
002617.SZ,1,负面(有问询),Train
002709.SZ,1,负面(有问询),Train
000897.SZ,1,负面(有问询),Train
600719.SH,1,负面(有问询),Train
920370.BJ,0,正面(无问询且无严重风险),Train
000977.SZ,1,负面(有问询),Train
600069.SH,1,负面(有问询),Train
002957.SZ,1,负面(有问询),Train
600277.SH,1,负面(有问询),Train
603360.SH,1,负面(有问询),Train
002285.SZ,1,负面(有问询),Train
301330.SZ,0,正面(无问询且无严重风险),Train
603329.SH,1,负面(有问询),Train
002548.SZ,1,负面(有问询),Train
600031.SH,0,正面(无问询且无严重风险),Train
836547.BJ,0,正面(无问询且无严重风险),Train
002745.SZ,1,负面(有问询),Train
920970.BJ,0,正面(无问询且无严重风险),Train
000045.SZ,1,负面(有问询),Train
830974.BJ,1,负面(有问询),Train
688428.SH,0,正面(无问询且无严重风险),Train
603001.SH,1,负面(有问询),Train
688055.SH,0,正面(无问询且无严重风险),Train
600361.SH,1,负面(有问询),Train
000601.SZ,1,负面(有问询),Train
603217.SH,1,负面(有问询),Train
688181.SH,0,正面(无问询且无严重风险),Train
000573.SZ,1,负面(有问询),Train
833284.BJ,1,负面(有问询),Train
601118.SH,1,负面(有问询),Train
002232.SZ,1,负面(有问询),Train
002918.SZ,1,负面(有问询),Train
002073.SZ,1,负面(有问询),Train
920896.BJ,0,正面(无问询且无严重风险),Train
688260.SH,1,负面(有问询),Train
600425.SH,1,负面(有问询),Train
002877.SZ,1,负面(有问询),Train
600444.SH,1,负面(有问询),Train
000792.SZ,1,负面(有问询),Train
002538.SZ,1,负面(有问询),Train
002464.SZ,1,负面(有问询),Train
002490.SZ,1,负面(有问询),Train
688065.SH,1,负面(有问询),Train
000023.SZ,1,负面(有问询),Train
831961.BJ,0,正面(无问询且无严重风险),Train
301580.SZ,0,正面(无问询且无严重风险),Train
002220.SZ,1,负面(有问询),Train
600532.SH,1,负面(有问询),Train
002022.SZ,1,负面(有问询),Train
002684.SZ,1,负面(有问询),Train
000070.SZ,1,负面(有问询),Train
200011.SZ,0,正面(无问询且无严重风险),Train
430198.BJ,1,负面(有问询),Train
603121.SH,1,负面(有问询),Train
600735.SH,1,负面(有问询),Train
688113.SH,1,负面(有问询),Train
002334.SZ,1,负面(有问询),Train
000723.SZ,1,负面(有问询),Train
000910.SZ,1,负面(有问询),Train
002444.SZ,1,负面(有问询),Train
430017.BJ,0,正面(无问询且无严重风险),Train
831526.BJ,1,负面(有问询),Train
000586.SZ,1,负面(有问询),Train
603037.SH,1,负面(有问询),Train
837046.BJ,1,负面(有问询),Train
920123.BJ,0,正面(无问询且无严重风险),Train
688199.SH,0,正面(无问询且无严重风险),Train
600930.SH,0,正面(无问询且无严重风险),Train
002396.SZ,0,正面(无问询且无严重风险),Train
000901.SZ,1,负面(有问询),Train
600121.SH,1,负面(有问询),Train
000822.SZ,1,负面(有问询),Train
200512.SZ,0,正面(无问询且无严重风险),Train
002725.SZ,1,负面(有问询),Train
002761.SZ,1,负面(有问询),Train
600792.SH,1,负面(有问询),Train
688095.SH,1,负面(有问询),Train
601058.SH,1,负面(有问询),Train
002836.SZ,1,负面(有问询),Train
000042.SZ,1,负面(有问询),Train
000667.SZ,1,负面(有问询),Train
601901.SH,1,负面(有问询),Train
603298.SH,0,正面(无问询且无严重风险),Train
002642.SZ,1,负面(有问询),Train
688273.SH,1,负面(有问询),Train
688488.SH,1,负面(有问询),Train
002694.SZ,1,负面(有问询),Train
000566.SZ,1,负面(有问询),Train
301267.SZ,0,正面(无问询且无严重风险),Train
002749.SZ,0,正面(无问询且无严重风险),Train
688131.SH,1,负面(有问询),Train
002330.SZ,1,负面(有问询),Train
002960.SZ,1,负面(有问询),Train
002703.SZ,1,负面(有问询),Train
002115.SZ,1,负面(有问询),Train
603603.SH,1,负面(有问询),Train
301520.SZ,0,正面(无问询且无严重风险),Train
002178.SZ,1,负面(有问询),Train
603322.SH,1,负面(有问询),Train
920856.BJ,0,正面(无问询且无严重风险),Train
430090.BJ,1,负面(有问询),Train
600255.SH,1,负面(有问询),Train
000909.SZ,1,负面(有问询),Train
920056.BJ,0,正面(无问询且无严重风险),Train
002502.SZ,1,负面(有问询),Train
600455.SH,1,负面(有问询),Train
600998.SH,0,正面(无问询且无严重风险),Train
002012.SZ,1,负面(有问询),Train
002432.SZ,1,负面(有问询),Train
600593.SH,1,负面(有问询),Train
000504.SZ,1,负面(有问询),Train
920703.BJ,0,正面(无问询且无严重风险),Train
000063.SZ,1,负面(有问询),Train
000523.SZ,1,负面(有问询),Train
301469.SZ,0,正面(无问询且无严重风险),Train
002512.SZ,1,负面(有问询),Train
002435.SZ,1,负面(有问询),Train
002335.SZ,1,负面(有问询),Train
300285.SZ,0,正面(无问询且无严重风险),Train
301355.SZ,0,正面(无问询且无严重风险),Train
301393.SZ,0,正面(无问询且无严重风险),Train
002463.SZ,1,负面(有问询),Train
920146.BJ,0,正面(无问询且无严重风险),Train
002315.SZ,1,负面(有问询),Train
600332.SH,0,正面(无问询且无严重风险),Train
688002.SH,1,负面(有问询),Train
600300.SH,1,负面(有问询),Train
920419.BJ,0,正面(无问询且无严重风险),Train
002193.SZ,1,负面(有问询),Train
200016.SZ,0,正面(无问询且无严重风险),Train
002587.SZ,1,负面(有问询),Train
000762.SZ,1,负面(有问询),Train
000790.SZ,1,负面(有问询),Train
002011.SZ,1,负面(有问询),Train
600748.SH,1,负面(有问询),Train
688683.SH,1,负面(有问询),Train
000066.SZ,1,负面(有问询),Train
600227.SH,1,负面(有问询),Train
600805.SH,1,负面(有问询),Train
688591.SH,0,正面(无问询且无严重风险),Train
603227.SH,1,负面(有问询),Train
002377.SZ,1,负面(有问询),Train
688685.SH,1,负面(有问询),Train
603023.SH,1,负面(有问询),Train
002192.SZ,1,负面(有问询),Train
603958.SH,1,负面(有问询),Train
000516.SZ,1,负面(有问询),Train
600319.SH,1,负面(有问询),Train
920284.BJ,0,正面(无问询且无严重风险),Train
603045.SH,1,负面(有问询),Train
603039.SH,1,负面(有问询),Train
601567.SH,1,负面(有问询),Train
601360.SH,1,负面(有问询),Train
002902.SZ,1,负面(有问询),Train
002605.SZ,1,负面(有问询),Train
300835.SZ,0,正面(无问询且无严重风险),Train
002513.SZ,1,负面(有问询),Train
600836.SH,1,负面(有问询),Train
603813.SH,1,负面(有问询),Train
688385.SH,0,正面(无问询且无严重风险),Train
002052.SZ,1,负面(有问询),Train
002147.SZ,1,负面(有问询),Train
600797.SH,1,负面(有问询),Train
000581.SZ,1,负面(有问询),Train
000982.SZ,1,负面(有问询),Train
920000.BJ,0,正面(无问询且无严重风险),Train
601700.SH,1,负面(有问询),Train
000782.SZ,1,负面(有问询),Train
002646.SZ,1,负面(有问询),Train
900956.SH,1,负面(有问询),Train
000010.SZ,1,负面(有问询),Train
871981.BJ,1,负面(有问询),Train
000981.SZ,1,负面(有问询),Train
600835.SH,1,负面(有问询),Train
002408.SZ,1,负面(有问询),Train
002160.SZ,1,负面(有问询),Train
688560.SH,1,负面(有问询),Train
920062.BJ,0,正面(无问询且无严重风险),Train
873527.BJ,0,正面(无问询且无严重风险),Train
600712.SH,1,负面(有问询),Train
603693.SH,1,负面(有问询),Train
002558.SZ,1,负面(有问询),Train
002693.SZ,1,负面(有问询),Train
002256.SZ,1,负面(有问询),Train
605186.SH,1,负面(有问询),Train
002691.SZ,1,负面(有问询),Train
600327.SH,1,负面(有问询),Train
601866.SH,1,负面(有问询),Train
920171.BJ,0,正面(无问询且无严重风险),Train
000963.SZ,1,负面(有问询),Train
920237.BJ,0,正面(无问询且无严重风险),Train
600010.SH,1,负面(有问询),Train
002756.SZ,1,负面(有问询),Train
002564.SZ,1,负面(有问询),Train
000999.SZ,1,负面(有问询),Train
600869.SH,1,负面(有问询),Train
833873.BJ,1,负面(有问询),Train
920790.BJ,0,正面(无问询且无严重风险),Train
002833.SZ,1,负面(有问询),Train
920455.BJ,0,正面(无问询且无严重风险),Train
600729.SH,1,负面(有问询),Train
600872.SH,1,负面(有问询),Train
002721.SZ,1,负面(有问询),Train
600056.SH,1,负面(有问询),Train
301418.SZ,0,正面(无问询且无严重风险),Train
002187.SZ,1,负面(有问询),Train
603334.SH,0,正面(无问询且无严重风险),Train
301665.SZ,0,正面(无问询且无严重风险),Train
300784.SZ,0,正面(无问询且无严重风险),Train
002206.SZ,1,负面(有问询),Train
834261.BJ,0,正面(无问询且无严重风险),Train
002610.SZ,1,负面(有问询),Train
600718.SH,0,正面(无问询且无严重风险),Train
605286.SH,1,负面(有问询),Train
000426.SZ,1,负面(有问询),Train
002176.SZ,1,负面(有问询),Train
000429.SZ,1,负面(有问询),Train
002855.SZ,1,负面(有问询),Train
920110.BJ,0,正面(无问询且无严重风险),Train
600477.SH,1,负面(有问询),Train
002777.SZ,1,负面(有问询),Train
600114.SH,1,负面(有问询),Train
000613.SZ,1,负面(有问询),Train
300196.SZ,0,正面(无问询且无严重风险),Train
688651.SH,0,正面(无问询且无严重风险),Train
600605.SH,1,负面(有问询),Train
839946.BJ,1,负面(有问询),Train
603960.SH,1,负面(有问询),Train
601298.SH,1,负面(有问询),Train
603133.SH,1,负面(有问询),Train
002715.SZ,1,负面(有问询),Train
000721.SZ,1,负面(有问询),Train
600720.SH,1,负面(有问询),Train
600226.SH,1,负面(有问询),Train
000626.SZ,1,负面(有问询),Train
002150.SZ,1,负面(有问询),Train
002591.SZ,1,负面(有问询),Train
300854.SZ,0,正面(无问询且无严重风险),Train
002366.SZ,1,负面(有问询),Train
688592.SH,0,正面(无问询且无严重风险),Train
920227.BJ,0,正面(无问询且无严重风险),Train
002291.SZ,1,负面(有问询),Train
831906.BJ,1,负面(有问询),Train
839493.BJ,1,负面(有问询),Train
688334.SH,0,正面(无问询且无严重风险),Train
688719.SH,0,正面(无问询且无严重风险),Train
002679.SZ,1,负面(有问询),Train
688656.SH,1,负面(有问询),Train
920275.BJ,0,正面(无问询且无严重风险),Train
601668.SH,0,正面(无问询且无严重风险),Train
000868.SZ,1,负面(有问询),Train
600677.SH,1,负面(有问询),Train
603085.SH,1,负面(有问询),Train
003007.SZ,1,负面(有问询),Train
600978.SH,1,负面(有问询),Train
000862.SZ,1,负面(有问询),Train
000756.SZ,1,负面(有问询),Train
002848.SZ,1,负面(有问询),Train
600311.SH,1,负面(有问询),Train
002289.SZ,1,负面(有问询),Train
002290.SZ,1,负面(有问询),Train
301196.SZ,0,正面(无问询且无严重风险),Train
836149.BJ,1,负面(有问询),Train
830809.BJ,1,负面(有问询),Train
600634.SH,1,负面(有问询),Train
600389.SH,1,负面(有问询),Train
603883.SH,1,负面(有问询),Train
002816.SZ,1,负面(有问询),Train
002247.SZ,1,负面(有问询),Train
600090.SH,1,负面(有问询),Train
002119.SZ,1,负面(有问询),Train
000989.SZ,1,负面(有问询),Train
002687.SZ,1,负面(有问询),Train
688102.SH,1,负面(有问询),Train
000034.SZ,1,负面(有问询),Train
002554.SZ,1,负面(有问询),Train
002665.SZ,1,负面(有问询),Train
002380.SZ,1,负面(有问询),Train
603997.SH,1,负面(有问询),Train
605337.SH,1,负面(有问询),Train
002118.SZ,1,负面(有问询),Train
603318.SH,1,负面(有问询),Train
002109.SZ,1,负面(有问询),Train
688167.SH,1,负面(有问询),Train
000861.SZ,1,负面(有问询),Train
920351.BJ,0,正面(无问询且无严重风险),Train
603955.SH,1,负面(有问询),Train
002103.SZ,1,负面(有问询),Train
600882.SH,1,负面(有问询),Train
002819.SZ,1,负面(有问询),Train
000528.SZ,1,负面(有问询),Train
301037.SZ,0,正面(无问询且无严重风险),Train
002044.SZ,1,负面(有问询),Train
000758.SZ,1,负面(有问询),Train
605368.SH,1,负面(有问询),Train
603203.SH,1,负面(有问询),Train
000008.SZ,1,负面(有问询),Train
600684.SH,1,负面(有问询),Train
000911.SZ,1,负面(有问询),Train
873223.BJ,1,负面(有问询),Train
002524.SZ,1,负面(有问询),Train
003032.SZ,1,负面(有问询),Train
002541.SZ,1,负面(有问询),Train
832876.BJ,1,负面(有问询),Train
002287.SZ,1,负面(有问询),Train
002416.SZ,1,负面(有问询),Train
688571.SH,0,正面(无问询且无严重风险),Train
600211.SH,1,负面(有问询),Train
002640.SZ,1,负面(有问询),Train
002081.SZ,0,正面(无问询且无严重风险),Train
603266.SH,1,负面(有问询),Train
000886.SZ,1,负面(有问询),Train
600110.SH,1,负面(有问询),Train
833427.BJ,1,负面(有问询),Train
002523.SZ,1,负面(有问询),Train
000663.SZ,1,负面(有问询),Train
300831.SZ,0,正面(无问询且无严重风险),Train
002131.SZ,1,负面(有问询),Train
300596.SZ,0,正面(无问询且无严重风险),Train
002846.SZ,1,负面(有问询),Train
301233.SZ,0,正面(无问询且无严重风险),Train
920363.BJ,0,正面(无问询且无严重风险),Train
002231.SZ,1,负面(有问询),Train
600438.SH,1,负面(有问询),Train
603421.SH,1,负面(有问询),Train
872925.BJ,1,负面(有问询),Train
688008.SH,0,正面(无问询且无严重风险),Train
600313.SH,1,负面(有问询),Train
002865.SZ,1,负面(有问询),Train
603025.SH,1,负面(有问询),Train
600108.SH,1,负面(有问询),Train
002201.SZ,1,负面(有问询),Train
002581.SZ,1,负面(有问询),Train
688133.SH,1,负面(有问询),Train
002251.SZ,1,负面(有问询),Train
600691.SH,1,负面(有问询),Train
900929.BJ,0,正面(无问询且无严重风险),Train
002658.SZ,1,负面(有问询),Train
300384.SZ,0,正面(无问询且无严重风险),Train
002037.SZ,1,负面(有问询),Train
688051.SH,1,负面(有问询),Train
002657.SZ,1,负面(有问询),Train
872392.BJ,1,负面(有问询),Train
001298.SZ,1,负面(有问询),Train
002634.SZ,1,负面(有问询),Train
000603.SZ,1,负面(有问询),Train
688418.SH,1,负面(有问询),Train
000526.SZ,1,负面(有问询),Train
002719.SZ,1,负面(有问询),Train
300580.SZ,0,正面(无问询且无严重风险),Train
605277.SH,1,负面(有问询),Train
000998.SZ,1,负面(有问询),Train
002662.SZ,1,负面(有问询),Train
600093.SH,1,负面(有问询),Train
002760.SZ,1,负面(有问询),Train
002239.SZ,1,负面(有问询),Train
688557.SH,0,正面(无问询且无严重风险),Train
002707.SZ,1,负面(有问询),Train
600011.SH,1,负面(有问询),Train
688298.SH,1,负面(有问询),Train
000155.SZ,1,负面(有问询),Train
002342.SZ,1,负面(有问询),Train
600771.SH,1,负面(有问询),Train
600673.SH,1,负面(有问询),Train
000713.SZ,1,负面(有问询),Train
600215.SH,1,负面(有问询),Train
002355.SZ,1,负面(有问询),Train
002731.SZ,1,负面(有问询),Train
603196.SH,1,负面(有问询),Train
002570.SZ,1,负面(有问询),Train
600556.SH,1,负面(有问询),Train
920656.BJ,0,正面(无问询且无严重风险),Train
002277.SZ,1,负面(有问询),Train
688681.SH,0,正面(无问询且无严重风险),Train
000159.SZ,1,负面(有问询),Train
002778.SZ,1,负面(有问询),Train
002551.SZ,1,负面(有问询),Train
002467.SZ,1,负面(有问询),Train
600821.SH,1,负面(有问询),Train
603169.SH,1,负面(有问询),Train
000591.SZ,1,负面(有问询),Train
300405.SZ,0,正面(无问询且无严重风险),Train
920992.BJ,0,正面(无问询且无严重风险),Train
000967.SZ,1,负面(有问询),Train
600086.SH,1,负面(有问询),Train
002313.SZ,1,负面(有问询),Train
002470.SZ,1,负面(有问询),Train
600372.SH,0,正面(无问询且无严重风险),Train
000815.SZ,1,负面(有问询),Train
603066.SH,1,负面(有问询),Train
688232.SH,0,正面(无问询且无严重风险),Train
603226.SH,1,负面(有问询),Train
002421.SZ,1,负面(有问询),Train
688180.SH,1,负面(有问询),Train
603895.SH,1,负面(有问询),Train
301603.SZ,0,正面(无问询且无严重风险),Train
002889.SZ,1,负面(有问询),Train
002857.SZ,1,负面(有问询),Train
603809.SH,1,负面(有问询),Train
002670.SZ,1,负面(有问询),Train
003036.SZ,1,负面(有问询),Train
600106.SH,1,负面(有问询),Train
000585.SZ,1,负面(有问询),Train
002255.SZ,1,负面(有问询),Train
002511.SZ,1,负面(有问询),Train
002077.SZ,1,负面(有问询),Train
002410.SZ,1,负面(有问询),Train
920982.BJ,0,正面(无问询且无严重风险),Train
600238.SH,1,负面(有问询),Train
838810.BJ,1,负面(有问询),Train
920699.BJ,0,正面(无问询且无严重风险),Train
600017.SH,0,正面(无问询且无严重风险),Train
002308.SZ,1,负面(有问询),Train
002905.SZ,1,负面(有问询),Train
833030.BJ,1,负面(有问询),Train
000017.SZ,1,负面(有问询),Train
600623.SH,1,负面(有问询),Train
002288.SZ,1,负面(有问询),Train
600461.SH,1,负面(有问询),Train
000698.SZ,1,负面(有问询),Train
002002.SZ,1,负面(有问询),Train
300976.SZ,0,正面(无问询且无严重风险),Train
601377.SH,0,正面(无问询且无严重风险),Train
002750.SZ,1,负面(有问询),Train
600252.SH,1,负面(有问询),Train
002224.SZ,1,负面(有问询),Train
600350.SH,1,负面(有问询),Train
688236.SH,0,正面(无问询且无严重风险),Train
002089.SZ,1,负面(有问询),Train
000826.SZ,1,负面(有问询),Train
002879.SZ,1,负面(有问询),Train
920971.BJ,0,正面(无问询且无严重风险),Train
873679.BJ,0,正面(无问询且无严重风险),Train
000768.SZ,1,负面(有问询),Train
300059.SZ,0,正面(无问询且无严重风险),Train
603080.SH,1,负面(有问询),Train
688370.SH,0,正面(无问询且无严重风险),Train
870436.BJ,1,负面(有问询),Train
002582.SZ,1,负面(有问询),Train
002795.SZ,1,负面(有问询),Train
688458.SH,0,正面(无问询且无严重风险),Train
600265.SH,1,负面(有问询),Train
600890.SH,1,负面(有问询),Train
603829.SH,1,负面(有问询),Train
002009.SZ,1,负面(有问询),Train
000413.SZ,1,负面(有问询),Train
301638.SZ,0,正面(无问询且无严重风险),Train
600258.SH,0,正面(无问询且无严重风险),Train
002723.SZ,1,负面(有问询),Train
920247.BJ,0,正面(无问询且无严重风险),Train
002397.SZ,1,负面(有问询),Train
600699.SH,1,负面(有问询),Train
600397.SH,1,负面(有问询),Train
000688.SZ,1,负面(有问询),Train
837242.BJ,0,正面(无问询且无严重风险),Train
835185.BJ,1,负面(有问询),Train
000830.SZ,1,负面(有问询),Train
002014.SZ,0,正面(无问询且无严重风险),Train
002970.SZ,1,负面(有问询),Train
688627.SH,0,正面(无问询且无严重风险),Train
002424.SZ,1,负面(有问询),Train
688021.SH,1,负面(有问询),Train
600107.SH,1,负面(有问询),Train
600416.SH,1,负面(有问询),Train
300957.SZ,0,正面(无问询且无严重风险),Train
002751.SZ,1,负面(有问询),Train
000975.SZ,1,负面(有问询),Train
001285.SZ,0,正面(无问询且无严重风险),Train
600626.SH,1,负面(有问询),Train
002058.SZ,1,负面(有问询),Train
002309.SZ,1,负面(有问询),Train
688307.SH,0,正面(无问询且无严重风险),Train
600355.SH,1,负面(有问询),Train
600382.SH,1,负面(有问询),Train
600212.SH,1,负面(有问询),Train
000048.SZ,1,负面(有问询),Train
600423.SH,1,负面(有问询),Train
600112.SH,1,负面(有问询),Train
600620.SH,1,负面(有问询),Train
002032.SZ,1,负面(有问询),Train
002780.SZ,1,负面(有问询),Train
002456.SZ,1,负面(有问询),Train
688215.SH,0,正面(无问询且无严重风险),Train
200539.SZ,0,正面(无问询且无严重风险),Train
600609.SH,1,负面(有问询),Train
002618.SZ,1,负面(有问询),Train
002531.SZ,1,负面(有问询),Train
836433.BJ,1,负面(有问询),Train
688562.SH,0,正面(无问询且无严重风险),Train
000055.SZ,1,负面(有问询),Train
002343.SZ,1,负面(有问询),Train
003043.SZ,1,负面(有问询),Train
002571.SZ,1,负面(有问询),Train
600317.SH,1,负面(有问询),Train
688365.SH,1,负面(有问询),Train
603655.SH,1,负面(有问询),Train
000902.SZ,1,负面(有问询),Train
600078.SH,1,负面(有问询),Train
000557.SZ,1,负面(有问询),Train
002382.SZ,1,负面(有问询),Train
000700.SZ,1,负面(有问询),Train
600682.SH,1,负面(有问询),Train
001309.SZ,1,负面(有问询),Train
002161.SZ,1,负面(有问询),Train
002933.SZ,1,负面(有问询),Train
002027.SZ,1,负面(有问询),Train
002633.SZ,1,负面(有问询),Train
600267.SH,1,负面(有问询),Train
002567.SZ,1,负面(有问询),Train
000818.SZ,1,负面(有问询),Train
600139.SH,1,负面(有问询),Train
603333.SH,1,负面(有问询),Train
836422.BJ,1,负面(有问询),Train
002066.SZ,1,负面(有问询),Train
000506.SZ,1,负面(有问询),Train
688306.SH,1,负面(有问询),Train
002656.SZ,1,负面(有问询),Train
920526.BJ,0,正面(无问询且无严重风险),Train
603996.SH,1,负面(有问询),Train
002522.SZ,1,负面(有问询),Train
002930.SZ,1,负面(有问询),Train
000806.SZ,1,负面(有问询),Train
002199.SZ,1,负面(有问询),Train
600726.SH,1,负面(有问询),Train
920415.BJ,0,正面(无问询且无严重风险),Train
603602.SH,1,负面(有问询),Train
002800.SZ,1,负面(有问询),Train
601121.SH,1,负面(有问询),Train
002303.SZ,1,负面(有问询),Train
603032.SH,1,负面(有问询),Train
600009.SH,1,负面(有问询),Train
002620.SZ,1,负面(有问询),Train
603031.SH,1,负面(有问询),Train
002824.SZ,1,负面(有问询),Train
688267.SH,0,正面(无问询且无严重风险),Train
600242.SH,1,负面(有问询),Train
002613.SZ,1,负面(有问询),Train
600877.SH,1,负面(有问询),Train
002806.SZ,1,负面(有问询),Train
000088.SZ,1,负面(有问询),Train
000592.SZ,1,负面(有问询),Train
002973.SZ,1,负面(有问询),Train
000552.SZ,1,负面(有问询),Train
603869.SH,1,负面(有问询),Train
873690.BJ,0,正面(无问询且无严重风险),Train
688251.SH,0,正面(无问询且无严重风险),Train
688161.SH,1,负面(有问询),Train
300808.SZ,0,正面(无问询且无严重风险),Train
603300.SH,1,负面(有问询),Train
688522.SH,0,正面(无问询且无严重风险),Train
603202.SH,0,正面(无问询且无严重风险),Train
002883.SZ,1,负面(有问询),Train
002183.SZ,1,负面(有问询),Train
601000.SH,0,正面(无问询且无严重风险),Train
002612.SZ,1,负面(有问询),Train
600343.SH,1,负面(有问询),Train
000761.SZ,1,负面(有问询),Train
002796.SZ,1,负面(有问询),Train
688007.SH,1,负面(有问询),Train
603803.SH,1,负面(有问询),Train
835184.BJ,1,负面(有问询),Train
000059.SZ,1,负面(有问询),Train
832149.BJ,1,负面(有问询),Train
920367.BJ,0,正面(无问询且无严重风险),Train
603717.SH,1,负面(有问询),Train
002515.SZ,1,负面(有问询),Train
605319.SH,1,负面(有问询),Train
002226.SZ,1,负面(有问询),Train
301173.SZ,0,正面(无问询且无严重风险),Train
000629.SZ,1,负面(有问询),Train
003020.SZ,1,负面(有问询),Train
002162.SZ,1,负面(有问询),Train
002321.SZ,1,负面(有问询),Train
836239.BJ,1,负面(有问询),Train
600586.SH,1,负面(有问询),Train
600400.SH,1,负面(有问询),Train
002988.SZ,1,负面(有问询),Train
002843.SZ,1,负面(有问询),Train
002006.SZ,1,负面(有问询),Train
833819.BJ,1,负面(有问询),Train
600929.SH,1,负面(有问询),Train
301390.SZ,0,正面(无问询且无严重风险),Train
688114.SH,1,负面(有问询),Train
688271.SH,0,正面(无问询且无严重风险),Train
600663.SH,1,负面(有问询),Train
603093.SH,1,负面(有问询),Train
002786.SZ,1,负面(有问询),Train
920981.BJ,0,正面(无问询且无严重风险),Train
000892.SZ,1,负面(有问询),Train
002374.SZ,1,负面(有问询),Train
601113.SH,1,负面(有问询),Train
600095.SH,1,负面(有问询),Train
600690.SH,1,负面(有问询),Train
920508.BJ,0,正面(无问询且无严重风险),Train
002484.SZ,1,负面(有问询),Train
603701.SH,1,负面(有问询),Train
600803.SH,1,负面(有问询),Train
688729.SH,0,正面(无问询且无严重风险),Train
002602.SZ,1,负面(有问询),Train
000069.SZ,1,负面(有问询),Train
688089.SH,1,负面(有问询),Train
600053.SH,1,负面(有问询),Validation
002569.SZ,1,负面(有问询),Validation
000050.SZ,1,负面(有问询),Validation
002532.SZ,1,负面(有问询),Validation
603083.SH,1,负面(有问询),Validation
002748.SZ,1,负面(有问询),Validation
603899.SH,0,正面(无问询且无严重风险),Validation
600834.SH,1,负面(有问询),Validation
200725.SZ,0,正面(无问询且无严重风险),Validation
300653.SZ,0,正面(无问询且无严重风险),Validation
688576.SH,0,正面(无问询且无严重风险),Validation
600363.SH,1,负面(有问询),Validation
688101.SH,1,负面(有问询),Validation
002717.SZ,1,负面(有问询),Validation
834765.BJ,1,负面(有问询),Validation
300296.SZ,0,正面(无问询且无严重风险),Validation
002526.SZ,1,负面(有问询),Validation
002476.SZ,1,负面(有问询),Validation
920245.BJ,0,正面(无问询且无严重风险),Validation
002331.SZ,1,负面(有问询),Validation
600068.SH,1,负面(有问询),Validation
301130.SZ,0,正面(无问询且无严重风险),Validation
002729.SZ,1,负面(有问询),Validation
300922.SZ,0,正面(无问询且无严重风险),Validation
002647.SZ,1,负面(有问询),Validation
600696.SH,1,负面(有问询),Validation
000415.SZ,1,负面(有问询),Validation
688309.SH,1,负面(有问询),Validation
920427.BJ,0,正面(无问询且无严重风险),Validation
601518.SH,1,负面(有问询),Validation
002735.SZ,1,负面(有问询),Validation
603296.SH,0,正面(无问询且无严重风险),Validation
688363.SH,1,负面(有问询),Validation
600723.SH,1,负面(有问询),Validation
600166.SH,1,负面(有问询),Validation
688692.SH,0,正面(无问询且无严重风险),Validation
920701.BJ,0,正面(无问询且无严重风险),Validation
002479.SZ,1,负面(有问询),Validation
002385.SZ,1,负面(有问询),Validation
603858.SH,1,负面(有问询),Validation
920942.BJ,0,正面(无问询且无严重风险),Validation
000014.SZ,1,负面(有问询),Validation
000922.SZ,1,负面(有问询),Validation
002019.SZ,0,正面(无问询且无严重风险),Validation
002362.SZ,1,负面(有问询),Validation
000416.SZ,1,负面(有问询),Validation
002337.SZ,1,负面(有问询),Validation
603321.SH,1,负面(有问询),Validation
000809.SZ,1,负面(有问询),Validation
002716.SZ,1,负面(有问询),Validation
600039.SH,1,负面(有问询),Validation
688580.SH,1,负面(有问询),Validation
002386.SZ,1,负面(有问询),Validation
600216.SH,0,正面(无问询且无严重风险),Validation
300777.SZ,0,正面(无问询且无严重风险),Validation
002741.SZ,1,负面(有问询),Validation
600490.SH,1,负面(有问询),Validation
003027.SZ,1,负面(有问询),Validation
836826.BJ,1,负面(有问询),Validation
600160.SH,1,负面(有问询),Validation
000609.SZ,1,负面(有问询),Validation
600717.SH,1,负面(有问询),Validation
600111.SH,1,负面(有问询),Validation
002699.SZ,1,负面(有问询),Validation
301633.SZ,0,正面(无问询且无严重风险),Validation
688737.SH,1,负面(有问询),Validation
000878.SZ,1,负面(有问询),Validation
301320.SZ,0,正面(无问询且无严重风险),Validation
000628.SZ,1,负面(有问询),Validation
002747.SZ,1,负面(有问询),Validation
600828.SH,1,负面(有问询),Validation
002762.SZ,1,负面(有问询),Validation
000090.SZ,0,正面(无问询且无严重风险),Validation
871857.BJ,0,正面(无问询且无严重风险),Validation
002454.SZ,1,负面(有问询),Validation
002320.SZ,1,负面(有问询),Validation
837592.BJ,1,负面(有问询),Validation
000711.SZ,1,负面(有问询),Validation
002648.SZ,1,负面(有问询),Validation
000683.SZ,1,负面(有问询),Validation
600860.SH,1,负面(有问询),Validation
002031.SZ,1,负面(有问询),Validation
002862.SZ,1,负面(有问询),Validation
002468.SZ,1,负面(有问询),Validation
000612.SZ,1,负面(有问询),Validation
000813.SZ,1,负面(有问询),Validation
832145.BJ,1,负面(有问询),Validation
603386.SH,1,负面(有问询),Validation
002010.SZ,1,负面(有问询),Validation
688585.SH,1,负面(有问询),Validation
301609.SZ,0,正面(无问询且无严重风险),Validation
601857.SH,0,正面(无问询且无严重风险),Validation
001255.SZ,1,负面(有问询),Validation
000695.SZ,1,负面(有问询),Validation
600281.SH,1,负面(有问询),Validation
870357.BJ,1,负面(有问询),Validation
600768.SH,1,负面(有问询),Validation
603988.SH,1,负面(有问询),Validation
688563.SH,0,正面(无问询且无严重风险),Validation
002376.SZ,1,负面(有问询),Validation
002254.SZ,1,负面(有问询),Validation
000687.SZ,1,负面(有问询),Validation
003021.SZ,1,负面(有问询),Validation
002359.SZ,1,负面(有问询),Validation
002759.SZ,1,负面(有问询),Validation
002096.SZ,1,负面(有问询),Validation
300034.SZ,0,正面(无问询且无严重风险),Validation
002016.SZ,1,负面(有问询),Validation
920175.BJ,0,正面(无问询且无严重风险),Validation
839792.BJ,1,负面(有问询),Validation
600519.SH,0,正面(无问询且无严重风险),Validation
688530.SH,0,正面(无问询且无严重风险),Validation
601778.SH,1,负面(有问询),Validation
838701.BJ,1,负面(有问询),Validation
603393.SH,1,负面(有问询),Validation
600375.SH,1,负面(有问询),Validation
002113.SZ,1,负面(有问询),Validation
688368.SH,1,负面(有问询),Validation
600898.SH,1,负面(有问询),Validation
002911.SZ,1,负面(有问询),Validation
601003.SH,1,负面(有问询),Validation
834599.BJ,1,负面(有问询),Validation
002373.SZ,1,负面(有问询),Validation
300828.SZ,0,正面(无问询且无严重风险),Validation
002381.SZ,0,正面(无问询且无严重风险),Validation
002514.SZ,1,负面(有问询),Validation
000009.SZ,1,负面(有问询),Validation
000823.SZ,0,正面(无问询且无严重风险),Validation
002636.SZ,1,负面(有问询),Validation
603985.SH,1,负面(有问询),Validation
002083.SZ,1,负面(有问询),Validation
600295.SH,1,负面(有问询),Validation
002054.SZ,1,负面(有问询),Validation
002628.SZ,1,负面(有问询),Validation
002076.SZ,1,负面(有问询),Validation
300668.SZ,0,正面(无问询且无严重风险),Validation
000732.SZ,1,负面(有问询),Validation
600753.SH,1,负面(有问询),Validation
002573.SZ,1,负面(有问询),Validation
603799.SH,1,负面(有问询),Validation
832225.BJ,1,负面(有问询),Validation
603409.SH,0,正面(无问询且无严重风险),Validation
603062.SH,0,正面(无问询且无严重风险),Validation
000820.SZ,1,负面(有问询),Validation
000622.SZ,1,负面(有问询),Validation
002771.SZ,1,负面(有问询),Validation
002496.SZ,1,负面(有问询),Validation
002074.SZ,1,负面(有问询),Validation
603369.SH,1,负面(有问询),Validation
600841.SH,1,负面(有问询),Validation
002713.SZ,1,负面(有问询),Validation
002028.SZ,1,负面(有问询),Validation
601069.SH,1,负面(有问询),Validation
000929.SZ,1,负面(有问询),Validation
002269.SZ,1,负面(有问询),Validation
002205.SZ,1,负面(有问询),Validation
603157.SH,1,负面(有问询),Validation
600081.SH,1,负面(有问询),Validation
000986.SZ,1,负面(有问询),Validation
002419.SZ,1,负面(有问询),Validation
002588.SZ,0,正面(无问询且无严重风险),Validation
002100.SZ,1,负面(有问询),Validation
000100.SZ,1,负面(有问询),Validation
002545.SZ,1,负面(有问询),Validation
688796.SH,0,正面(无问询且无严重风险),Validation
000587.SZ,1,负面(有问询),Validation
920009.BJ,0,正面(无问询且无严重风险),Validation
301275.SZ,0,正面(无问询且无严重风险),Validation
002583.SZ,1,负面(有问询),Validation
600070.SH,1,负面(有问询),Validation
300897.SZ,0,正面(无问询且无严重风险),Validation
600683.SH,1,负面(有问询),Validation
603363.SH,1,负面(有问询),Validation
000676.SZ,1,负面(有问询),Validation
832023.BJ,1,负面(有问询),Validation
000421.SZ,1,负面(有问询),Validation
002897.SZ,1,负面(有问询),Validation
000680.SZ,0,正面(无问询且无严重风险),Validation
600083.SH,1,负面(有问询),Validation
603518.SH,1,负面(有问询),Validation
000046.SZ,1,负面(有问询),Validation
836263.BJ,1,负面(有问询),Validation
600856.SH,1,负面(有问询),Validation
000995.SZ,1,负面(有问询),Validation
603669.SH,1,负面(有问询),Validation
002660.SZ,1,负面(有问询),Validation
603612.SH,1,负面(有问询),Validation
002547.SZ,1,负面(有问询),Validation
002792.SZ,1,负面(有问询),Validation
002181.SZ,1,负面(有问询),Validation
600172.SH,1,负面(有问询),Validation
831039.BJ,1,负面(有问询),Validation
002301.SZ,1,负面(有问询),Validation
000668.SZ,1,负面(有问询),Validation
002211.SZ,1,负面(有问询),Validation
600067.SH,1,负面(有问询),Validation
601020.SH,1,负面(有问询),Test
600257.SH,1,负面(有问询),Test
603729.SH,1,负面(有问询),Test
600783.SH,1,负面(有问询),Test
600525.SH,1,负面(有问询),Test
833171.BJ,1,负面(有问询),Test
603306.SH,1,负面(有问询),Test
002606.SZ,1,负面(有问询),Test
688598.SH,1,负面(有问询),Test
688551.SH,1,负面(有问询),Test
688337.SH,1,负面(有问询),Test
300439.SZ,0,正面(无问询且无严重风险),Test
002615.SZ,1,负面(有问询),Test
600396.SH,1,负面(有问询),Test
002521.SZ,1,负面(有问询),Test
600850.SH,1,负面(有问询),Test
600763.SH,1,负面(有问询),Test
000595.SZ,1,负面(有问询),Test
002600.SZ,1,负面(有问询),Test
600331.SH,1,负面(有问询),Test
688555.SH,1,负面(有问询),Test
600122.SH,1,负面(有问询),Test
002655.SZ,1,负面(有问询),Test
002586.SZ,1,负面(有问询),Test
600449.SH,1,负面(有问询),Test
002975.SZ,1,负面(有问询),Test
301397.SZ,0,正面(无问询且无严重风险),Test
002913.SZ,1,负面(有问询),Test
002278.SZ,1,负面(有问询),Test
002471.SZ,1,负面(有问询),Test
600209.SH,1,负面(有问询),Test
600306.SH,1,负面(有问询),Test
688229.SH,1,负面(有问询),Test
002528.SZ,1,负面(有问询),Test
872931.BJ,0,正面(无问询且无严重风险),Test
002705.SZ,0,正面(无问询且无严重风险),Test
603026.SH,1,负面(有问询),Test
601886.SH,1,负面(有问询),Test
688758.SH,0,正面(无问询且无严重风险),Test
000796.SZ,1,负面(有问询),Test
002946.SZ,1,负面(有问询),Test
600198.SH,1,负面(有问询),Test
831152.BJ,1,负面(有问询),Test
300851.SZ,0,正面(无问询且无严重风险),Test
688258.SH,1,负面(有问询),Test
000058.SZ,1,负面(有问询),Test
002209.SZ,1,负面(有问询),Test
600234.SH,1,负面(有问询),Test
002742.SZ,1,负面(有问询),Test
002607.SZ,1,负面(有问询),Test
000701.SZ,1,负面(有问询),Test
002168.SZ,1,负面(有问询),Test
002622.SZ,1,负面(有问询),Test
688085.SH,1,负面(有问询),Test
200596.SZ,0,正面(无问询且无严重风险),Test
600679.SH,1,负面(有问询),Test
301636.SZ,0,正面(无问询且无严重风险),Test
600478.SH,1,负面(有问询),Test
002383.SZ,1,负面(有问询),Test
688057.SH,0,正面(无问询且无严重风险),Test
688720.SH,0,正面(无问询且无严重风险),Test
600222.SH,1,负面(有问询),Test
688499.SH,1,负面(有问询),Test
000887.SZ,1,负面(有问询),Test
000040.SZ,1,负面(有问询),Test
600984.SH,1,负面(有问询),Test
000737.SZ,1,负面(有问询),Test
600387.SH,1,负面(有问询),Test
002036.SZ,1,负面(有问询),Test
002123.SZ,1,负面(有问询),Test
600847.SH,1,负面(有问询),Test
002726.SZ,1,负面(有问询),Test
002611.SZ,1,负面(有问询),Test
688479.SH,0,正面(无问询且无严重风险),Test
839729.BJ,1,负面(有问询),Test
002808.SZ,1,负面(有问询),Test
000669.SZ,1,负面(有问询),Test
002491.SZ,1,负面(有问询),Test
002090.SZ,1,负面(有问询),Test
000937.SZ,1,负面(有问询),Test
832491.BJ,0,正面(无问询且无严重风险),Test
688139.SH,1,负面(有问询),Test
601258.SH,1,负面(有问询),Test
002121.SZ,1,负面(有问询),Test
688163.SH,0,正面(无问询且无严重风险),Test
688586.SH,0,正面(无问询且无严重风险),Test
600749.SH,1,负面(有问询),Test
000020.SZ,1,负面(有问询),Test
603022.SH,1,负面(有问询),Test
000751.SZ,1,负面(有问询),Test
002248.SZ,1,负面(有问询),Test
600323.SH,1,负面(有问询),Test
300833.SZ,0,正面(无问询且无严重风险),Test
002146.SZ,1,负面(有问询),Test
002159.SZ,1,负面(有问询),Test
600758.SH,1,负面(有问询),Test
002024.SZ,1,负面(有问询),Test
002922.SZ,1,负面(有问询),Test
600881.SH,1,负面(有问询),Test
603057.SH,0,正面(无问询且无严重风险),Test
003010.SZ,1,负面(有问询),Test
003002.SZ,1,负面(有问询),Test
603067.SH,1,负面(有问询),Test
600866.SH,1,负面(有问询),Test
605090.SH,1,负面(有问询),Test
002888.SZ,1,负面(有问询),Test
603063.SH,1,负面(有问询),Test
002180.SZ,1,负面(有问询),Test
603685.SH,1,负面(有问询),Test
002508.SZ,0,正面(无问询且无严重风险),Test
002212.SZ,1,负面(有问询),Test
002319.SZ,1,负面(有问询),Test
002367.SZ,1,负面(有问询),Test
000425.SZ,1,负面(有问询),Test
600132.SH,1,负面(有问询),Test
000671.SZ,1,负面(有问询),Test
600080.SH,1,负面(有问询),Test
688565.SH,1,负面(有问询),Test
600239.SH,1,负面(有问询),Test
002420.SZ,1,负面(有问询),Test
002148.SZ,1,负面(有问询),Test
002781.SZ,1,负面(有问询),Test
002505.SZ,1,负面(有问询),Test
430489.BJ,1,负面(有问询),Test
920768.BJ,0,正面(无问询且无严重风险),Test
835508.BJ,1,负面(有问询),Test
301195.SZ,0,正面(无问询且无严重风险),Test
001228.SZ,1,负面(有问询),Test
600595.SH,1,负面(有问询),Test
002557.SZ,1,负面(有问询),Test
002338.SZ,1,负面(有问询),Test
688314.SH,0,正面(无问询且无严重风险),Test
603055.SH,1,负面(有问询),Test
920273.BJ,0,正面(无问询且无严重风险),Test
600804.SH,1,负面(有问询),Test
600743.SH,1,负面(有问询),Test
603366.SH,1,负面(有问询),Test
600596.SH,1,负面(有问询),Test
300349.SZ,0,正面(无问询且无严重风险),Test
002485.SZ,1,负面(有问询),Test
001896.SZ,1,负面(有问询),Test
000038.SZ,1,负面(有问询),Test
600823.SH,1,负面(有问询),Test
600807.SH,1,负面(有问询),Test
834021.BJ,1,负面(有问询),Test
920821.BJ,0,正面(无问询且无严重风险),Test
600647.SH,1,负面(有问询),Test
600614.SH,1,负面(有问询),Test
600256.SH,1,负面(有问询),Test
301395.SZ,0,正面(无问询且无严重风险),Test
600421.SH,1,负面(有问询),Test
002005.SZ,1,负面(有问询),Test
000690.SZ,1,负面(有问询),Test
688653.SH,0,正面(无问询且无严重风险),Test
301028.SZ,0,正面(无问询且无严重风险),Test
000918.SZ,1,负面(有问询),Test
000679.SZ,1,负面(有问询),Test
002393.SZ,1,负面(有问询),Test
600303.SH,1,负面(有问询),Test
002399.SZ,0,正面(无问询且无严重风险),Test
920089.BJ,0,正面(无问询且无严重风险),Test
002882.SZ,1,负面(有问询),Test
002968.SZ,1,负面(有问询),Test
000863.SZ,1,负面(有问询),Test
603131.SH,1,负面(有问询),Test
600867.SH,1,负面(有问询),Test
002976.SZ,1,负面(有问询),Test
600403.SH,1,负面(有问询),Test
002217.SZ,1,负面(有问询),Test
688371.SH,0,正面(无问询且无严重风险),Test
002536.SZ,1,负面(有问询),Test
000829.SZ,1,负面(有问询),Test
000697.SZ,1,负面(有问询),Test
000510.SZ,1,负面(有问询),Test
833874.BJ,0,正面(无问询且无严重风险),Test
920037.BJ,0,正面(无问询且无严重风险),Test
832110.BJ,0,正面(无问询且无严重风险),Test
301170.SZ,0,正面(无问询且无严重风险),Test
002637.SZ,1,负面(有问询),Test
301039.SZ,0,正面(无问询且无严重风险),Test
002015.SZ,1,负面(有问询),Test
002842.SZ,1,负面(有问询),Test
831167.BJ,1,负面(有问询),Test
000536.SZ,1,负面(有问询),Test
002782.SZ,1,负面(有问询),Test
002145.SZ,1,负面(有问询),Test
600462.SH,1,负面(有问询),Test
000005.SZ,1,负面(有问询),Test
838275.BJ,1,负面(有问询),Test
002992.SZ,1,负面(有问询),Test
002310.SZ,1,负面(有问询),Test
002769.SZ,1,负面(有问询),Test
002452.SZ,1,负面(有问询),Test
000980.SZ,1,负面(有问询),Test
603017.SH,1,负面(有问询),Test
600426.SH,0,正面(无问询且无严重风险),Test
688805.SH,0,正面(无问询且无严重风险),Test
002616.SZ,1,负面(有问询),Test
688261.SH,0,正面(无问询且无严重风险),Test
920015.BJ,0,正面(无问询且无严重风险),Test
000401.SZ,1,负面(有问询),Test
600830.SH,1,负面(有问询),Test
002329.SZ,1,负面(有问询),Test
000068.SZ,1,负面(有问询),Test
603109.SH,1,负面(有问询),Test
920006.BJ,0,正面(无问询且无严重风险),Test
002921.SZ,1,负面(有问询),Test
002440.SZ,0,正面(无问询且无严重风险),Test
002195.SZ,1,负面(有问询),Test
600071.SH,1,负面(有问询),Test
603900.SH,1,负面(有问询),Test
603021.SH,1,负面(有问询),Test
600075.SH,1,负面(有问询),Test
600787.SH,1,负面(有问询),Test
835305.BJ,1,负面(有问询),Test
000895.SZ,1,负面(有问询),Test
603828.SH,1,负面(有问询),Test
301285.SZ,0,正面(无问询且无严重风险),Test
002943.SZ,1,负面(有问询),Test
920199.BJ,0,正面(无问询且无严重风险),Test
000933.SZ,1,负面(有问询),Test
002350.SZ,1,负面(有问询),Test
002417.SZ,1,负面(有问询),Test
002625.SZ,1,负面(有问询),Test
920266.BJ,0,正面(无问询且无严重风险),Test
000927.SZ,1,负面(有问询),Test
832278.BJ,1,负面(有问询),Test
603863.SH,1,负面(有问询),Test
000893.SZ,1,负面(有问询),Test
832171.BJ,1,负面(有问询),Test
603758.SH,1,负面(有问询),Test
002461.SZ,0,正面(无问询且无严重风险),Test
688356.SH,1,负面(有问询),Test
600458.SH,1,负面(有问询),Test
603555.SH,1,负面(有问询),Test
600515.SH,1,负面(有问询),Test
002757.SZ,1,负面(有问询),Test
688567.SH,1,负面(有问询),Test
688318.SH,1,负面(有问询),Test
000151.SZ,1,负面(有问询),Test
601288.SH,0,正面(无问询且无严重风险),Test
002878.SZ,1,负面(有问询),Test
600970.SH,1,负面(有问询),Test
688702.SH,0,正面(无问询且无严重风险),Test
002659.SZ,1,负面(有问询),Test
835368.BJ,1,负面(有问询),Test
000908.SZ,1,负面(有问询),Test
002840.SZ,1,负面(有问询),Test
900955.BJ,0,正面(无问询且无严重风险),Test
600385.SH,1,负面(有问询),Test
002163.SZ,1,负面(有问询),Test
000673.SZ,1,负面(有问询),Test
002264.SZ,1,负面(有问询),Test
603987.SH,1,负面(有问询),Test
600469.SH,1,负面(有问询),Test
301246.SZ,0,正面(无问询且无严重风险),Test
601369.SH,1,负面(有问询),Test
600818.SH,1,负面(有问询),Test
688319.SH,1,负面(有问询),Test
002104.SZ,1,负面(有问询),Test
002891.SZ,1,负面(有问询),Test
002623.SZ,1,负面(有问询),Test
920260.BJ,0,正面(无问询且无严重风险),Test
000726.SZ,0,正面(无问询且无严重风险),Test
300983.SZ,0,正面(无问询且无严重风险),Test
000889.SZ,1,负面(有问询),Test
002520.SZ,1,负面(有问询),Test
920786.BJ,0,正面(无问询且无严重风险),Test
920149.BJ,0,正面(无问询且无严重风险),Test
688349.SH,0,正面(无问询且无严重风险),Test
603959.SH,1,负面(有问询),Test
000168.SZ,1,负面(有问询),Test
600225.SH,1,负面(有问询),Test
834407.BJ,1,负面(有问询),Test
600146.SH,1,负面(有问询),Test
002437.SZ,1,负面(有问询),Test
600767.SH,1,负面(有问询),Test
605266.SH,1,负面(有问询),Test
002348.SZ,1,负面(有问询),Test
688086.SH,1,负面(有问询),Test
601398.SH,0,正面(无问询且无严重风险),Test
000798.SZ,1,负面(有问询),Test
002235.SZ,1,负面(有问询),Test
605081.SH,1,负面(有问询),Test
600228.SH,1,负面(有问询),Test
600781.SH,1,负面(有问询),Test
002282.SZ,1,负面(有问询),Test
002317.SZ,1,负面(有问询),Test
000532.SZ,1,负面(有问询),Test
600358.SH,1,负面(有问询),Test
002405.SZ,1,负面(有问询),Test
002055.SZ,1,负面(有问询),Test
000877.SZ,1,负面(有问询),Test
002956.SZ,1,负面(有问询),Test
002822.SZ,1,负面(有问询),Test
603578.SH,1,负面(有问询),Test
600702.SH,1,负面(有问询),Test
301047.SZ,0,正面(无问询且无严重风险),Test
002106.SZ,1,负面(有问询),Test
603358.SH,1,负面(有问询),Test
603387.SH,0,正面(无问询且无严重风险),Test
301509.SZ,0,正面(无问询且无严重风险),Test
000410.SZ,1,负面(有问询),Test
688087.SH,0,正面(无问询且无严重风险),Test
200550.SZ,0,正面(无问询且无严重风险),Test
300263.SZ,0,正面(无问询且无严重风险),Test
002978.SZ,1,负面(有问询),Test
002253.SZ,1,负面(有问询),Test
920108.BJ,0,正面(无问询且无严重风险),Test
001339.SZ,1,负面(有问询),Test
002529.SZ,1,负面(有问询),Test
000546.SZ,1,负面(有问询),Test
002517.SZ,1,负面(有问询),Test
002297.SZ,1,负面(有问询),Test
600189.SH,1,负面(有问询),Test
600509.SH,1,负面(有问询),Test
002635.SZ,1,负面(有问询),Test
601200.SH,0,正面(无问询且无严重风险),Test
920158.BJ,0,正面(无问询且无严重风险),Test
000537.SZ,1,负面(有问询),Test
000036.SZ,1,负面(有问询),Test
920779.BJ,0,正面(无问询且无严重风险),Test
600962.SH,1,负面(有问询),Test
601010.SH,1,负面(有问询),Test
002279.SZ,1,负面(有问询),Test
600539.SH,1,负面(有问询),Test
300662.SZ,0,正面(无问询且无严重风险),Test
002069.SZ,1,负面(有问询),Test
002175.SZ,1,负面(有问询),Test
000152.SZ,1,负面(有问询),Test
600844.SH,1,负面(有问询),Test
600237.SH,1,负面(有问询),Test
600073.SH,0,正面(无问询且无严重风险),Test
000885.SZ,1,负面(有问询),Test
002809.SZ,1,负面(有问询),Test
002295.SZ,1,负面(有问询),Test
688009.SH,0,正面(无问询且无严重风险),Test
603030.SH,1,负面(有问询),Test
002692.SZ,1,负面(有问询),Test
831768.BJ,1,负面(有问询),Test
002084.SZ,1,负面(有问询),Test
920021.BJ,0,正面(无问询且无严重风险),Test
600651.SH,1,负面(有问询),Test
002316.SZ,1,负面(有问询),Test
600130.SH,1,负面(有问询),Test
002667.SZ,1,负面(有问询),Test
688279.SH,0,正面(无问询且无严重风险),Test
603009.SH,1,负面(有问询),Test
600870.SH,1,负面(有问询),Test
002770.SZ,1,负面(有问询),Test
002869.SZ,1,负面(有问询),Test
920221.BJ,0,正面(无问询且无严重风险),Test
002870.SZ,1,负面(有问询),Test
002856.SZ,1,负面(有问询),Test
301359.SZ,0,正面(无问询且无严重风险),Test
301559.SZ,0,正面(无问询且无严重风险),Test
002919.SZ,1,负面(有问询),Test
002387.SZ,1,负面(有问询),Test
000837.SZ,1,负面(有问询),Test
002111.SZ,1,负面(有问询),Test
603998.SH,1,负面(有问询),Test
920003.BJ,0,正面(无问询且无严重风险),Test
002527.SZ,1,负面(有问询),Test
002481.SZ,1,负面(有问询),Test
603598.SH,1,负面(有问询),Test
002427.SZ,1,负面(有问询),Test
002167.SZ,1,负面(有问询),Test
002937.SZ,1,负面(有问询),Test
002364.SZ,1,负面(有问询),Test
000962.SZ,1,负面(有问询),Test
002445.SZ,1,负面(有问询),Test
000958.SZ,1,负面(有问询),Test
600599.SH,1,负面(有问询),Test
000502.SZ,1,负面(有问询),Test
003023.SZ,1,负面(有问询),Test
002354.SZ,1,负面(有问询),Test
002498.SZ,1,负面(有问询),Test
002576.SZ,1,负面(有问询),Test
000766.SZ,1,负面(有问询),Test
300463.SZ,0,正面(无问询且无严重风险),Test
600986.SH,1,负面(有问询),Test
000409.SZ,1,负面(有问询),Test
603766.SH,1,负面(有问询),Test
000821.SZ,1,负面(有问询),Test
600715.SH,1,负面(有问询),Test
002798.SZ,1,负面(有问询),Test
688282.SH,1,负面(有问询),Test
000638.SZ,1,负面(有问询),Test
002488.SZ,1,负面(有问询),Test
002134.SZ,1,负面(有问询),Test
603665.SH,1,负面(有问询),Test
600243.SH,1,负面(有问询),Test
